intent,examples,responses
about_bot,"‡¶§‡ßÅ‡¶Æ‡¶ø ‡¶ï‡ßá; ‡¶§‡ßã‡¶Æ‡¶æ‡¶∞ ‡¶®‡¶æ‡¶Æ ‡¶ï‡¶ø","‡¶Ü‡¶Æ‡¶ø ‡¶ö‡¶æ‡¶∑‡ßá‡¶∞ ‡¶¶‡¶ø‡¶∂‡¶æ, ‡¶è‡¶ï‡¶ü‡¶ø ‡¶¨‡¶æ‡¶Ç‡¶≤‡¶æ ‡¶ö‡ßç‡¶Ø‡¶æ‡¶ü‡¶¨‡¶ü"
what_you_for,"‡¶§‡ßÅ‡¶Æ‡¶ø ‡¶ï‡¶ø ‡¶ï‡¶∞‡ßã; ‡¶§‡ßã‡¶Æ‡¶æ‡¶∞ ‡¶ï‡¶æ‡¶ú ‡¶ï‡¶ø","‡¶Ü‡¶Æ‡¶æ‡¶ï‡ßá ‡¶∏‡¶æ‡¶π‡¶æ‡¶Ø‡ßç‡¶Ø ‡¶ï‡¶∞‡¶æ‡¶∞ ‡¶ú‡¶®‡ßç‡¶Ø ‡¶§‡ßà‡¶∞‡¶ø ‡¶ï‡¶∞‡¶æ ‡¶π‡¶Ø‡¶º‡ßá‡¶õ‡ßá‡•§"
greeting,"‡¶π‡ßç‡¶Ø‡¶æ‡¶≤‡ßã; ‡¶π‡¶æ‡¶á","‡¶π‡ßç‡¶Ø‡¶æ‡¶≤‡ßã! ‡¶ï‡ßá‡¶Æ‡¶® ‡¶Ü‡¶õ‡ßá‡¶®?"
good_morning,"‡¶∂‡ßÅ‡¶≠ ‡¶∏‡¶ï‡¶æ‡¶≤; ‡¶∏‡¶ï‡¶æ‡¶≤","‡¶∂‡ßÅ‡¶≠ ‡¶∏‡¶ï‡¶æ‡¶≤, ‡¶Ü‡¶™‡¶®‡¶æ‡¶∞ ‡¶¶‡¶ø‡¶®‡¶ü‡¶ø ‡¶∂‡ßÅ‡¶≠ ‡¶π‡ßã‡¶ï"
salam,"‡¶Ü‡¶∏‡¶∏‡¶æ‡¶≤‡¶æ‡¶Æ‡ßÅ ‡¶Ü‡¶≤‡¶æ‡¶á‡¶ï‡ßÅ‡¶Æ","‡¶ì‡¶Ø‡¶º ‡¶Ü‡¶≤‡¶æ‡¶á‡¶ï‡ßÅ‡¶Æ‡ßÅ‡¶∏ ‡¶∏‡¶æ‡¶≤‡¶æ‡¶Æ"
how_are_you,"‡¶ï‡ßá‡¶Æ‡¶® ‡¶Ü‡¶õ‡ßá‡¶®; ‡¶ï‡ßá‡¶Æ‡¶® ‡¶Ü‡¶õ‡ßã; ‡¶≠‡¶æ‡¶≤‡ßã ‡¶Ü‡¶õ‡ßã; ‡¶≠‡¶æ‡¶≤‡ßã ‡¶Ü‡¶õ‡ßá‡¶®","‡¶Ü‡¶Æ‡¶ø ‡¶≠‡¶æ‡¶≤‡ßã ‡¶Ü‡¶õ‡¶ø, ‡¶Ü‡¶™‡¶®‡¶ø ‡¶ï‡ßá‡¶Æ‡¶® ‡¶Ü‡¶õ‡ßá‡¶®?"
goodbye,"‡¶¨‡¶ø‡¶¶‡¶æ‡ßü; ‡¶¶‡ßá‡¶ñ‡¶æ ‡¶π‡¶¨‡ßá ‡¶™‡¶∞‡ßá; ‡¶Ü‡¶¨‡¶æ‡¶∞ ‡¶¶‡ßá‡¶ñ‡¶æ ‡¶π‡¶¨‡ßá","‡¶¨‡¶ø‡¶¶‡¶æ‡ßü!; ‡¶¶‡ßá‡¶ñ‡¶æ ‡¶π‡¶¨‡ßá ‡¶Ü‡¶¨‡¶æ‡¶∞!; ‡¶≠‡¶æ‡¶≤‡ßã ‡¶•‡¶æ‡¶ï‡¶¨‡ßá‡¶®!"
thanks,"‡¶ß‡¶®‡ßç‡¶Ø‡¶¨‡¶æ‡¶¶; ‡¶•‡ßç‡¶Ø‡¶æ‡¶ô‡ßç‡¶ï‡¶∏; ‡¶Ö‡¶®‡ßá‡¶ï ‡¶ß‡¶®‡ßç‡¶Ø‡¶¨‡¶æ‡¶¶","‡¶Ü‡¶™‡¶®‡¶æ‡¶ï‡ßá‡¶ì ‡¶ß‡¶®‡ßç‡¶Ø‡¶¨‡¶æ‡¶¶; ‡¶ï‡ßã‡¶®‡ßã ‡¶∏‡¶Æ‡¶∏‡ßç‡¶Ø‡¶æ ‡¶®‡ßá‡¶á; ‡¶ö‡¶æ‡¶∑‡ßá‡¶∞ ‡¶¶‡¶ø‡¶∂‡¶æ ‡¶¨‡ßç‡¶Ø‡¶¨‡¶π‡¶æ‡¶∞‡ßá‡¶∞ ‡¶ú‡¶®‡ßç‡¶Ø ‡¶Ü‡¶™‡¶®‡¶æ‡¶ï‡ßá‡¶ì ‡¶ß‡¶®‡ßç‡¶Ø‡¶¨‡¶æ‡¶¶"
weather_query,"‡¶Ü‡¶ú‡¶ï‡ßá‡¶∞ ‡¶Ü‡¶¨‡¶π‡¶æ‡¶ì‡ßü‡¶æ ‡¶ï‡ßá‡¶Æ‡¶®; ‡¶¨‡ßÉ‡¶∑‡ßç‡¶ü‡¶ø ‡¶π‡¶¨‡ßá ‡¶ï‡¶ø; ‡¶¨‡¶æ‡¶á‡¶∞‡ßá ‡¶∞‡ßã‡¶¶ ‡¶Ü‡¶õ‡ßá","‡¶Ü‡¶ú‡¶ï‡ßá‡¶∞ ‡¶Ü‡¶¨‡¶π‡¶æ‡¶ì‡ßü‡¶æ ‡¶∏‡ßÅ‡¶®‡ßç‡¶¶‡¶∞! ‚òÄÔ∏è; ‡¶π‡¶æ‡¶≤‡¶ï‡¶æ ‡¶¨‡ßÉ‡¶∑‡ßç‡¶ü‡¶ø ‡¶π‡¶ö‡ßç‡¶õ‡ßá üåßÔ∏è"
date_query,"‡¶§‡¶æ‡¶∞‡¶ø‡¶ñ; ‡¶§‡¶æ‡¶∞‡¶ø‡¶ñ ‡¶ï‡¶§; ‡¶Ü‡¶ú‡¶ï‡ßá ‡¶§‡¶æ‡¶∞‡¶ø‡¶ñ ‡¶ï‡¶§; ‡¶Ü‡¶ú‡¶ï‡ßá‡¶∞ ‡¶§‡¶æ‡¶∞‡¶ø‡¶ñ ‡¶ï‡¶§; ‡¶Ü‡¶ú‡¶ï‡ßá‡¶∞ ‡¶§‡¶æ‡¶∞‡¶ø‡¶ñ; ‡¶Ü‡¶ú‡¶ï‡ßá ‡¶§‡¶æ‡¶∞‡¶ø‡¶ñ", "‡¶Ü‡¶ú‡¶ï‡ßá {current_date} ‡¶§‡¶æ‡¶∞‡¶ø‡¶ñ; {current_date} ‡¶§‡¶æ‡¶∞‡¶ø‡¶ñ ‡¶Ü‡¶ú‡¶ï‡ßá"
time_query,"‡¶è‡¶ñ‡¶® ‡¶ï‡ßü‡¶ü‡¶æ ‡¶¨‡¶æ‡¶ú‡ßá; ‡¶∏‡¶Æ‡ßü ‡¶ï‡¶§; ‡¶ò‡ßú‡¶ø‡¶§‡ßá ‡¶ï‡ßü‡¶ü‡¶æ","‡¶è‡¶ñ‡¶® ‡¶¨‡¶æ‡¶ú‡ßá {current_time}; ‡¶∏‡¶Æ‡ßü ‡¶è‡¶ñ‡¶® {current_time}‡•§"
creator_info,"‡¶§‡ßã‡¶Æ‡¶æ‡¶ï‡ßá ‡¶ï‡ßá ‡¶¨‡¶æ‡¶®‡¶ø‡ßü‡ßá‡¶õ‡ßá; ‡¶§‡ßã‡¶Æ‡¶æ‡¶∞ ‡¶°‡ßá‡¶≠‡ßá‡¶≤‡¶™‡¶æ‡¶∞ ‡¶ï‡ßá","‡¶Ü‡¶Æ‡¶æ‡¶ï‡ßá ‡¶§‡ßà‡¶∞‡¶ø ‡¶ï‡¶∞‡ßá‡¶õ‡ßá‡¶® ‡¶´‡¶ø‡¶∞‡ßã‡¶ú ‡¶á‡¶¨‡¶®‡ßá ‡¶ú‡ßã‡¶¨‡¶æ‡ßü‡ßá‡¶∞; ‡¶Ü‡¶Æ‡¶ø ‡¶´‡¶ø‡¶∞‡ßã‡¶ú ‡¶á‡¶¨‡¶®‡ßá ‡¶ú‡ßã‡¶¨‡¶æ‡ßü‡ßá‡¶∞‡ßá‡¶∞ ‡¶§‡ßà‡¶∞‡¶ø ‡¶è‡¶ï‡¶ü‡¶ø ‡¶ö‡ßç‡¶Ø‡¶æ‡¶ü‡¶¨‡¶ü‡•§"
help_request,"‡¶Ü‡¶Æ‡¶ø ‡¶∏‡¶æ‡¶π‡¶æ‡¶Ø‡ßç‡¶Ø ‡¶ö‡¶æ‡¶á; ‡¶Ü‡¶Æ‡¶æ‡¶ï‡ßá ‡¶∏‡¶æ‡¶π‡¶æ‡¶Ø‡ßç‡¶Ø ‡¶ï‡¶∞‡¶§‡ßá ‡¶™‡¶æ‡¶∞‡ßã ‡¶ï‡¶ø; ‡¶∏‡¶æ‡¶π‡¶æ‡¶Ø‡ßç‡¶Ø ‡¶¶‡¶∞‡¶ï‡¶æ‡¶∞","‡¶Ü‡¶™‡¶®‡¶ø ‡¶ï‡ßÄ‡¶≠‡¶æ‡¶¨‡ßá ‡¶∏‡¶æ‡¶π‡¶æ‡¶Ø‡ßç‡¶Ø ‡¶ö‡¶æ‡¶®?; ‡¶Ü‡¶Æ‡¶ø ‡¶ö‡ßá‡¶∑‡ßç‡¶ü‡¶æ ‡¶ï‡¶∞‡¶¨ ‡¶∏‡¶æ‡¶π‡¶æ‡¶Ø‡ßç‡¶Ø ‡¶ï‡¶∞‡¶§‡ßá‡•§"
farewell,"‡¶∂‡ßÅ‡¶≠ ‡¶∞‡¶æ‡¶§‡ßç‡¶∞‡¶ø; ‡¶∂‡ßÅ‡¶≠ ‡¶¶‡¶ø‡¶®; ‡¶¶‡ßá‡¶ñ‡¶æ ‡¶π‡¶¨‡ßá","‡¶∂‡ßÅ‡¶≠ ‡¶∞‡¶æ‡¶§‡ßç‡¶∞‡¶ø!; ‡¶≠‡¶æ‡¶≤‡ßã ‡¶•‡¶æ‡¶ï‡¶¨‡ßá‡¶®!; ‡¶¶‡ßá‡¶ñ‡¶æ ‡¶π‡¶¨‡ßá ‡¶Ü‡¶¨‡¶æ‡¶∞‡•§"